Title,Rem,Date,Master
BEAUTIFUL ANTONIO (003),1,11/07/2025,SLU860
SHINGLE STREET (014),1,11/07/2025,TDW358
A SEASON IN DORNOCH (00),1,11/07/2025,SMY097
A DAUGHTERS GIFT  (016),1,11/07/2025,TAJ732
ALL I EVER WROTE: THE COMPLETE WORKS,1,11/07/2025,TFJ718
PRIMAL FEAR POD (00),1,11/07/2025,SA5549
WICKED BEAUTY (00),1,11/07/2025,SMT143
SILVER (007),1,11/07/2025,SVG111
SERVANTS OF THE PEOPLE (017),1,11/07/2025,SFT600
NEUTRAL BUOYANCY (022),1,11/07/2025,SLK061
A LITERARY REVIEW (012),1,11/07/2025,SKG737
THE RUNAWAYS (003),1,11/07/2025,SXB118
BRIEF LIVES (001),1,11/07/2025,SBX517
THE BOY IN THE ATTIC (00),1,11/07/2025,SMU894
EVA BRAUN (013),1,11/07/2025,SWT224
ODE TO A BANKER (012),1,11/07/2025,TBK269
STAR WARS: NJO - TRAITOR (00),1,11/07/2025,SMG449
STOPPING THE NOISE IN YOUR HEAD (006),1,11/07/2025,TCE125
THE ACCIDENTAL ANGLER (018),1,11/07/2025,SXA888
THE MILLSTONE (010),1,11/07/2025,SQU638
SERVING VICTORIA (009),1,11/07/2025,TBV658
BURMA (00),1,11/07/2025,SMD340
SAINT JOAN OF ARC (00),3,11/07/2025,SGU167
THE WHIRLPOOL (002),1,11/07/2025,SJR425
UNDUE INFLUENCE (002),3,11/07/2025,SHT311
RODERICK RANDOM (03),1,11/07/2025,TV8482
CODEBREAKERS (003),1,11/07/2025,STM083
ENCOUNTERS WITH ANIMALS (006),1,11/07/2025,SMA853
THUS BAD BEGINS (002),1,11/07/2025,SWD371
"THE YEARS, MONTHS, DAYS (001)",1,11/07/2025,SRQ244
M/F (011),1,11/07/2025,SKM658
SHARED NOTES (001),1,11/07/2025,SZJ660
DIANE ARBUS (025),1,11/07/2025,TFA219
ROMAN SPRING OF MRS STONE POD (00),1,11/07/2025,SA4573
ROMAN SPRING OF MRS STONE POD (00),1,11/07/2025,SA4573
,39,,